Influenciador,Influenciado,Movimiento_Influenciador,Movimiento_Influenciado,Año_Influenciador,Año_Influenciado,Movimiento_Influenciador_Original,Movimiento_Influenciado_Original
Eugène Atget,Henri Cartier-Bresson,Magnum Photos,Magnum Photos,1980,1950,Magnum Photos,Magnum Photos
Eugène Atget,Walker Evans,Magnum Photos,Documentary Photography,1980,1940,Magnum Photos,FSA/Documentary
Eugène Atget,Berenice Abbott,Magnum Photos,Documentary Photography,1980,1950,Magnum Photos,Documentary Photography
André Kertész,Henri Cartier-Bresson,Street Photography,Magnum Photos,1960,1950,Street Photography,Magnum Photos
André Kertész,Brassaï,Street Photography,Street Photography,1960,1960,Street Photography,Street Photography
André Kertész,William Klein,Street Photography,Street Photography,1960,1960,Street Photography,Street Photography
Henri Cartier-Bresson,Robert Capa,Magnum Photos,Magnum Photos,1950,1950,Magnum Photos,Magnum Photos
Henri Cartier-Bresson,Steve McCurry,Magnum Photos,Magnum Photos,1950,1980,Magnum Photos,Magnum Photos
Henri Cartier-Bresson,Joel Meyerowitz,Magnum Photos,Magnum Photos,1950,1980,Magnum Photos,Magnum Photos
Henri Cartier-Bresson,Elliott Erwitt,Magnum Photos,Magnum Photos,1950,1950,Magnum Photos,Magnum Photos
Henri Cartier-Bresson,Bruce Davidson,Magnum Photos,Magnum Photos,1950,1950,Magnum Photos,Magnum Photos
Alfred Stieglitz,Edward Weston,Pictorialism,Straight Photography,1880,1910,Pictorialism,Straight Photography
Alfred Stieglitz,Ansel Adams,Pictorialism,Straight Photography,1880,1910,Pictorialism,Straight Photography
Alfred Stieglitz,Paul Strand,Pictorialism,Straight Photography,1880,1910,Pictorialism,Straight Photography
Alfred Stieglitz,Georgia O'Keeffe,Pictorialism,Pictorialism,1880,1980,Pictorialism,Pictorialism
Alfred Stieglitz,Edward Steichen,Pictorialism,Pictorialism,1880,1880,Pictorialism,Pictorialism
Edward Weston,Ansel Adams,Straight Photography,Straight Photography,1910,1910,Straight Photography,Straight Photography
Edward Weston,Imogen Cunningham,Straight Photography,Straight Photography,1910,1930,Straight Photography,Group f/64
Edward Weston,Harry Callahan,Straight Photography,Straight Photography,1910,1910,Straight Photography,Straight Photography
Lisette Model,Diane Arbus,Portrait Photography,Portrait Photography,1980,1980,Documentary Portrait,Documentary Portrait
Lisette Model,William Klein,Portrait Photography,Street Photography,1980,1960,Documentary Portrait,Street Photography
Walker Evans,Robert Frank,Documentary Photography,Street Photography,1940,1980,FSA/Documentary,Documentary/Street
Walker Evans,Diane Arbus,Documentary Photography,Portrait Photography,1940,1980,FSA/Documentary,Documentary Portrait
Walker Evans,Robert Adams,Documentary Photography,New Topographics,1940,1975,FSA/Documentary,New Topographics
Walker Evans,Stephen Shore,Documentary Photography,Color Photography,1940,1970,FSA/Documentary,Color Photography
Walker Evans,William Klein,Documentary Photography,Street Photography,1940,1960,FSA/Documentary,Street Photography
Walker Evans,Thomas Struth,Documentary Photography,Düsseldorf School,1940,1980,FSA/Documentary,Düsseldorf School
Walker Evans,Jeff Wall,Documentary Photography,Conceptual Photography,1940,1985,FSA/Documentary,Conceptual Photography
Alexey Brodovitch,Richard Avedon,Art Direction,Fashion Photography,1960,1960,Art Direction,Fashion Photography
Alexey Brodovitch,Irving Penn,Art Direction,Fashion Photography,1960,1960,Art Direction,Fashion Photography
Alexey Brodovitch,Guy Bourdin,Art Direction,Fashion Photography,1960,1960,Art Direction,Fashion Photography
Alexander Liberman,Irving Penn,Art Direction,Fashion Photography,1960,1960,Art Direction,Fashion Photography
Alexander Liberman,Helmut Newton,Art Direction,Fashion Photography,1960,1960,Art Direction,Fashion Photography
Alexander Liberman,William Klein,Art Direction,Street Photography,1960,1960,Art Direction,Street Photography
Richard Avedon,Diane Arbus,Fashion Photography,Portrait Photography,1960,1980,Fashion Photography,Documentary Portrait
Richard Avedon,Mario Testino,Fashion Photography,Fashion Photography,1960,1960,Fashion Photography,Fashion Photography
Richard Avedon,Helmut Newton,Fashion Photography,Fashion Photography,1960,1960,Fashion Photography,Fashion Photography
Robert Capa,Henri Cartier-Bresson,Magnum Photos,Magnum Photos,1950,1950,Magnum Photos,Magnum Photos
Robert Capa,David Seymour (Chim),Magnum Photos,Magnum Photos,1950,1950,Magnum Photos,Magnum Photos
Robert Capa,George Rodger,Magnum Photos,Magnum Photos,1950,1950,Magnum Photos,Magnum Photos
Ansel Adams,Joel Meyerowitz,Straight Photography,Magnum Photos,1910,1980,Straight Photography,Magnum Photos
Ansel Adams,Minor White,Straight Photography,Photography Education,1910,1960,Straight Photography,Photography Education
Ansel Adams,Hiroshi Sugimoto,Straight Photography,Contemporary Japanese,1910,2000,Straight Photography,Contemporary Japanese
Ansel Adams,Robert Adams,Straight Photography,New Topographics,1910,1975,Straight Photography,New Topographics
Joseph Nicéphore Niépce,Alfred Stieglitz,Pioneers,Pictorialism,1840,1880,Pioneers,Pictorialism
Julia Margaret Cameron,Alfred Stieglitz,Pioneers,Pictorialism,1840,1880,Pioneers,Pictorialism
Arnold Genthe,Dorothea Lange,Pictorialism,Documentary Photography,1880,1940,Pictorialism,FSA/Documentary
Lewis Hine,Paul Strand,Documentary Photography,Straight Photography,1935,1910,Social Documentary,Straight Photography
Lewis Hine,Dorothea Lange,Documentary Photography,Documentary Photography,1935,1940,Social Documentary,FSA/Documentary
Clarence White,Paul Strand,Pictorialism,Straight Photography,1880,1910,Pictorialism,Straight Photography
Clarence White,Gertrude Käsebier,Pictorialism,Pictorialism,1880,1880,Pictorialism,Pictorialism
Gertrude Käsebier,Paul Strand,Pictorialism,Straight Photography,1880,1910,Pictorialism,Straight Photography
Gertrude Käsebier,Imogen Cunningham,Pictorialism,Straight Photography,1880,1930,Pictorialism,Group f/64
Man Ray,Lee Miller,Surrealism/Dada,Surrealism/Dada,1940,1980,Surrealism/Dadaism,Surrealism
Man Ray,Berenice Abbott,Surrealism/Dada,Documentary Photography,1940,1950,Surrealism/Dadaism,Documentary Photography
Man Ray,William Klein,Surrealism/Dada,Street Photography,1940,1960,Surrealism/Dadaism,Street Photography
Edward Steichen,Lee Miller,Pictorialism,Surrealism/Dada,1880,1980,Pictorialism,Surrealism
Edward Steichen,Cecil Beaton,Pictorialism,Fashion Photography,1880,1960,Pictorialism,Fashion Photography
Edward Steichen,Louise Dahl-Wolfe,Pictorialism,Fashion Photography,1880,1960,Pictorialism,Fashion Photography
Marcel Duchamp,Man Ray,Surrealism/Dada,Surrealism/Dada,1980,1940,Dadaism,Surrealism/Dadaism
Marcel Duchamp,Hiroshi Sugimoto,Surrealism/Dada,Contemporary Japanese,1980,2000,Dadaism,Contemporary Japanese
André Breton,Man Ray,Surrealism/Dada,Surrealism/Dada,1980,1940,Surrealism,Surrealism/Dadaism
Paul Strand,Minor White,Straight Photography,Photography Education,1910,1960,Straight Photography,Photography Education
Paul Strand,Harry Callahan,Straight Photography,Straight Photography,1910,1910,Straight Photography,Straight Photography
Minor White,Carl Chiarenza,Photography Education,Photography Education,1960,1980,Photography Education,Photography Education
Minor White,Paul Caponigro,Photography Education,Photography Education,1960,1980,Photography Education,Photography Education
Roy Stryker,Dorothea Lange,Documentary Photography,Documentary Photography,1940,1940,FSA/Documentary,FSA/Documentary
Paul Taylor,Dorothea Lange,Documentary Photography,Documentary Photography,1980,1940,FSA/Documentary,FSA/Documentary
Berenice Abbott,Diane Arbus,Documentary Photography,Portrait Photography,1950,1980,Documentary Photography,Documentary Portrait
Imogen Cunningham,Minor White,Straight Photography,Photography Education,1930,1960,Group f/64,Photography Education
Willard Van Dyke,Minor White,Straight Photography,Photography Education,1930,1960,Group f/64,Photography Education
Francis Picabia,Man Ray,Surrealism/Dada,Surrealism/Dada,1980,1940,Dadaism,Surrealism/Dadaism
Salvador Dalí,Man Ray,Surrealism/Dada,Surrealism/Dada,1980,1940,Surrealism,Surrealism/Dadaism
Max Ernst,Man Ray,Surrealism/Dada,Surrealism/Dada,1980,1940,Surrealism,Surrealism/Dadaism
Jacob Riis,Lewis Hine,Documentary Photography,Documentary Photography,1935,1935,Social Documentary,Social Documentary
Takeji Iwamiya,Daido Moriyama,Provoke Movement,Provoke Movement,1980,1970,Provoke Movement,Provoke Movement
Eikoh Hosoe,Daido Moriyama,Japanese Photography,Provoke Movement,1970,1970,Japanese Photography,Provoke Movement
Shomei Tomatsu,Eikoh Hosoe,Japanese Photography,Japanese Photography,1970,1970,Japanese Photography,Japanese Photography
Shomei Tomatsu,Takuma Nakahira,Japanese Photography,Provoke Movement,1970,1970,Japanese Photography,Provoke Movement
Shomei Tomatsu,Daido Moriyama,Japanese Photography,Provoke Movement,1970,1970,Japanese Photography,Provoke Movement
Shomei Tomatsu,Nobuyoshi Araki,Japanese Photography,Contemporary Japanese,1970,2000,Japanese Photography,Contemporary Japanese
Koji Taki,Takuma Nakahira,Provoke Movement,Provoke Movement,1980,1970,Provoke Movement,Provoke Movement
Koji Taki,Daido Moriyama,Provoke Movement,Provoke Movement,1980,1970,Provoke Movement,Provoke Movement
Takahiko Okada,Daido Moriyama,Provoke Movement,Provoke Movement,1980,1970,Provoke Movement,Provoke Movement
Jack Kerouac,Daido Moriyama,Literary Influence,Provoke Movement,1960,1970,Literary Influence,Provoke Movement
Yukio Mishima,Eikoh Hosoe,Literary Collaboration,Japanese Photography,1970,1970,Literary Collaboration,Japanese Photography
Ihei Kimura,Shomei Tomatsu,Japanese Photography,Japanese Photography,1980,1970,Japanese Street Photography,Japanese Photography
Hiroshi Hamaya,Shomei Tomatsu,Japanese Photography,Japanese Photography,1980,1970,Japanese Documentary,Japanese Photography
Felice Beato,Kusakabe Kimbei,Japanese Photography,Japanese Photography,1980,1980,Japanese Documentary,Japanese Documentary
Irving Penn,Rinko Kawauchi,Fashion Photography,Contemporary Japanese,1960,2000,Fashion Photography,Contemporary Japanese
Irving Penn,Paolo Roversi,Fashion Photography,Fashion Photography,1960,1980,Fashion Photography,Fashion Photography
Daido Moriyama,Keizo Kitajima,Provoke Movement,Provoke Movement,1970,1980,Provoke Movement,Provoke Movement
Fernand Léger,William Klein,Cubist Painter,Street Photography,1920,1960,Cubist Painter,Street Photography
Alexander Rodchenko,William Klein,Constructivist,Street Photography,1925,1960,Constructivist,Street Photography
Weegee,William Klein,Street Photography,Street Photography,1960,1960,Street Photography,Street Photography
Weegee,Bruce Gilden,Street Photography,Street Photography,1960,1960,Street Photography,Street Photography
William Klein,Daido Moriyama,Street Photography,Provoke Movement,1960,1970,Street Photography,Provoke Movement
William Klein,Bruce Gilden,Street Photography,Street Photography,1960,1960,Street Photography,Street Photography
William Klein,Garry Winogrand,Street Photography,Street Photography,1960,1960,Street Photography,Street Photography
William Klein,Nan Goldin,Street Photography,Contemporary Documentary,1960,1990,Street Photography,Contemporary Documentary
Bill Brandt,Robert Frank,Street Photography,Street Photography,1960,1980,Street Photography,Documentary/Street
Robert Frank,Nan Goldin,Street Photography,Contemporary Documentary,1980,1990,Documentary/Street,Contemporary Documentary
Robert Frank,Wolfgang Tillmans,Street Photography,Contemporary Art,1980,2000,Documentary/Street,Contemporary Art
Robert Frank,Lee Friedlander,Street Photography,Street Photography,1980,1960,Documentary/Street,Street Photography
Robert Frank,Garry Winogrand,Street Photography,Street Photography,1980,1960,Documentary/Street,Street Photography
Larry Clark,Nan Goldin,Contemporary Documentary,Contemporary Documentary,1990,1990,Contemporary Documentary,Contemporary Documentary
Diane Arbus,Nan Goldin,Portrait Photography,Contemporary Documentary,1980,1990,Documentary Portrait,Contemporary Documentary
Diane Arbus,Mary Ellen Mark,Portrait Photography,Magnum Photos,1980,1950,Documentary Portrait,Magnum Photos
Eugene Smith,Mary Ellen Mark,Documentary Photography,Magnum Photos,1950,1950,Documentary Photography,Magnum Photos
Eugene Smith,James Nachtwey,Documentary Photography,Photojournalism,1950,1965,Documentary Photography,War Photography
Eugene Smith,Sebastião Salgado,Documentary Photography,Documentary Photography,1950,1950,Documentary Photography,Documentary Photography
Garry Winogrand,Bruce Gilden,Street Photography,Street Photography,1960,1960,Street Photography,Street Photography
Garry Winogrand,Alex Webb,Street Photography,Magnum Photos,1960,1950,Street Photography,Magnum Photos
Garry Winogrand,Lee Friedlander,Street Photography,Street Photography,1960,1960,Street Photography,Street Photography
Lee Friedlander,Alex Webb,Street Photography,Magnum Photos,1960,1950,Street Photography,Magnum Photos
Lee Friedlander,Todd Hido,Street Photography,Contemporary Landscape,1960,1980,Street Photography,Contemporary Landscape
John Baldessari,Cindy Sherman,Conceptual Art,Conceptual Photography,1980,1985,Conceptual Art,Conceptual Photography
Suzy Lake,Cindy Sherman,Conceptual Art,Conceptual Photography,1980,1985,Conceptual Art,Conceptual Photography
Eleanor Antin,Cindy Sherman,Conceptual Art,Conceptual Photography,1980,1985,Conceptual Art,Conceptual Photography
Edward Hopper,Jeff Wall,American Realist Painter,Conceptual Photography,1940,1985,American Realist Painter,Conceptual Photography
Diego Velázquez,Jeff Wall,Classical Painter,Conceptual Photography,1880,1985,Classical Painter,Conceptual Photography
Jeanne Bertrand,Vivian Maier,Street Photography,Street Photography,1980,1960,Street Photography,Street Photography
Bernd Becher,Andreas Gursky,New Topographics,Düsseldorf School,1975,1980,New Topographics,Düsseldorf School
Bernd Becher,Thomas Struth,New Topographics,Düsseldorf School,1975,1980,New Topographics,Düsseldorf School
Bernd Becher,Candida Höfer,New Topographics,Düsseldorf School,1975,1980,New Topographics,Düsseldorf School
Bernd Becher,Thomas Ruff,New Topographics,Düsseldorf School,1975,1980,New Topographics,Düsseldorf School
Bernd Becher,Axel Hütte,New Topographics,Düsseldorf School,1975,1980,New Topographics,Düsseldorf School
Hilla Becher,Andreas Gursky,New Topographics,Düsseldorf School,1975,1980,New Topographics,Düsseldorf School
Hilla Becher,Thomas Struth,New Topographics,Düsseldorf School,1975,1980,New Topographics,Düsseldorf School
Hilla Becher,Candida Höfer,New Topographics,Düsseldorf School,1975,1980,New Topographics,Düsseldorf School
Hilla Becher,Thomas Ruff,New Topographics,Düsseldorf School,1975,1980,New Topographics,Düsseldorf School
Hilla Becher,Axel Hütte,New Topographics,Düsseldorf School,1975,1980,New Topographics,Düsseldorf School
David Seymour (Chim),Cornell Capa,Magnum Photos,Magnum Photos,1950,1980,Magnum Photos,Magnum Photos
David Seymour (Chim),Marc Riboud,Magnum Photos,Magnum Photos,1950,1950,Magnum Photos,Magnum Photos
George Rodger,Marc Riboud,Magnum Photos,Magnum Photos,1950,1950,Magnum Photos,Magnum Photos
George Rodger,Eve Arnold,Magnum Photos,Magnum Photos,1950,1950,Magnum Photos,Magnum Photos
Elliott Erwitt,Alex Webb,Magnum Photos,Magnum Photos,1950,1950,Magnum Photos,Magnum Photos
Elliott Erwitt,Bruce Davidson,Magnum Photos,Magnum Photos,1950,1950,Magnum Photos,Magnum Photos
Bruce Davidson,Susan Meiselas,Magnum Photos,Magnum Photos,1950,1950,Magnum Photos,Magnum Photos
Eve Arnold,Mary Ellen Mark,Magnum Photos,Magnum Photos,1950,1950,Magnum Photos,Magnum Photos
Cecil Beaton,David Bailey,Fashion Photography,Fashion Photography,1960,1960,Fashion Photography,Fashion Photography
Cecil Beaton,Terence Donovan,Fashion Photography,Fashion Photography,1960,1960,Fashion Photography,Fashion Photography
Cecil Beaton,Norman Parkinson,Fashion Photography,Fashion Photography,1960,1960,Fashion Photography,Fashion Photography
Helmut Newton,Guy Bourdin,Fashion Photography,Fashion Photography,1960,1960,Fashion Photography,Fashion Photography
Helmut Newton,Ellen von Unwerth,Fashion Photography,Fashion Photography,1960,1960,Fashion Photography,Fashion Photography
Helmut Newton,Peter Lindbergh,Fashion Photography,Fashion Photography,1960,1960,Fashion Photography,Fashion Photography
Guy Bourdin,Nick Knight,Fashion Photography,Fashion Photography,1960,1960,Fashion Photography,Fashion Photography
David Bailey,Brian Duffy,Fashion Photography,Fashion Photography,1960,1960,Fashion Photography,Fashion Photography
David Bailey,Terence Donovan,Fashion Photography,Fashion Photography,1960,1960,Fashion Photography,Fashion Photography
David Bailey,Mario Testino,Fashion Photography,Fashion Photography,1960,1960,Fashion Photography,Fashion Photography
Norman Parkinson,Mario Testino,Fashion Photography,Fashion Photography,1960,1960,Fashion Photography,Fashion Photography
Horst P. Horst,Irving Penn,Fashion Photography,Fashion Photography,1960,1960,Fashion Photography,Fashion Photography
Louise Dahl-Wolfe,Richard Avedon,Fashion Photography,Fashion Photography,1960,1960,Fashion Photography,Fashion Photography
William Christenberry,William Eggleston,Color Photography,Color Photography,1970,1970,Color Photography,Color Photography
William Eggleston,Stephen Shore,Color Photography,Color Photography,1970,1970,Color Photography,Color Photography
William Eggleston,Joel Sternfeld,Color Photography,Color Photography,1970,1970,Color Photography,Color Photography
William Eggleston,Nan Goldin,Color Photography,Contemporary Documentary,1970,1990,Color Photography,Contemporary Documentary
Stephen Shore,Joel Sternfeld,Color Photography,Color Photography,1970,1970,Color Photography,Color Photography
Stephen Shore,Alec Soth,Color Photography,Contemporary Documentary,1970,1990,Color Photography,Contemporary Documentary
Stephen Shore,Thomas Struth,Color Photography,Düsseldorf School,1970,1980,Color Photography,Düsseldorf School
Harry Callahan,John Divola,Straight Photography,Straight Photography,1910,1980,Straight Photography,Straight Photography
Ed Ruscha,Lewis Baltz,Conceptual Art,New Topographics,1980,1975,Conceptual Art,New Topographics
Ed Ruscha,Robert Adams,Conceptual Art,New Topographics,1980,1975,Conceptual Art,New Topographics
Robert Adams,Joel Sternfeld,New Topographics,Color Photography,1975,1970,New Topographics,Color Photography
Robert Adams,Stephen Shore,New Topographics,Color Photography,1975,1970,New Topographics,Color Photography
Lewis Baltz,Frank Gohlke,New Topographics,New Topographics,1975,1975,New Topographics,New Topographics
Lewis Baltz,Nicholas Nixon,New Topographics,New Topographics,1975,1975,New Topographics,New Topographics
Robert Doisneau,Willy Ronis,Street Photography,Street Photography,1960,1960,Street Photography,Street Photography
Robert Doisneau,Edouard Boubat,Street Photography,Street Photography,1960,1960,Street Photography,Street Photography
Saul Leiter,Alex Webb,Street Photography,Magnum Photos,1960,1950,Street Photography,Magnum Photos
Saul Leiter,Joel Meyerowitz,Street Photography,Magnum Photos,1960,1980,Street Photography,Magnum Photos
Bruce Gilden,Matt Stuart,Street Photography,Street Photography,1960,1980,Street Photography,Street Photography
Dan Graham,Jeff Wall,Conceptual Art,Conceptual Photography,1980,1985,Conceptual Art,Conceptual Photography
Keith Arnatt,Thomas Struth,Conceptual Photography,Düsseldorf School,1985,1980,Conceptual Photography,Düsseldorf School
Duane Michals,Sandy Skoglund,Conceptual Photography,Conceptual Photography,1985,1980,Conceptual Photography,Conceptual Photography
Jeff Wall,Gregory Crewdson,Conceptual Photography,Conceptual Photography,1985,1985,Conceptual Photography,Conceptual Photography
Jeff Wall,Andreas Gursky,Conceptual Photography,Düsseldorf School,1985,1980,Conceptual Photography,Düsseldorf School
Nan Goldin,Ryan McGinley,Contemporary Documentary,Contemporary/Digital,1990,2005,Contemporary Documentary,Contemporary/Digital
Nan Goldin,Wolfgang Tillmans,Contemporary Documentary,Contemporary Art,1990,2000,Contemporary Documentary,Contemporary Art
Nan Goldin,Collier Schorr,Contemporary Documentary,Contemporary Documentary,1990,1980,Contemporary Documentary,Contemporary Documentary
Wolfgang Tillmans,Ryan McGinley,Contemporary Art,Contemporary/Digital,2000,2005,Contemporary Art,Contemporary/Digital
Andreas Gursky,Thomas Struth,Düsseldorf School,Düsseldorf School,1980,1980,Düsseldorf School,Düsseldorf School
Joseph Nicéphore Niépce,Louis Daguerre,Pioneers,Pioneers,1826,1839,Pioneers,Pioneers
Louis Daguerre,William Henry Fox Talbot,Pioneers,Pioneers,1839,1844,Pioneers,Pioneers
William Henry Fox Talbot,Julia Margaret Cameron,Pioneers,Pioneers,1844,1864,Pioneers,Pioneers
Julia Margaret Cameron,Alfred Stieglitz,Pioneers,Pictorialism,1864,1890,Pioneers,Pictorialism
Nadar,Alfred Stieglitz,Pioneers,Pictorialism,1855,1890,Pioneers,Pictorialism
Oscar Gustave Rejlander,Henry Peach Robinson,Pictorialism,Pictorialism,1857,1869,Pictorialism,Pictorialism
Henry Peach Robinson,Alfred Stieglitz,Pictorialism,Pictorialism,1869,1890,Pictorialism,Pictorialism
Peter Henry Emerson,Alfred Stieglitz,Pictorialism,Pictorialism,1886,1890,Naturalistic Photography,Pictorialism
Peter Henry Emerson,Gertrude Käsebier,Pictorialism,Pictorialism,1886,1895,Naturalistic Photography,Pictorialism
Alfred Stieglitz,Clarence White,Pictorialism,Pictorialism,1890,1900,Pictorialism,Pictorialism
Gertrude Käsebier,Clarence White,Pictorialism,Pictorialism,1895,1900,Pictorialism,Pictorialism
Edward Steichen,Paul Outerbridge,Pictorialism,Modernist Photography,1900,1925,Pictorialism,Modernist Photography
Paul Strand,Walker Evans,Straight Photography,Documentary Photography,1917,1935,Straight Photography,FSA/Documentary
Edward Weston,Brett Weston,Straight Photography,Straight Photography,1920,1940,Straight Photography,Straight Photography
Edward Weston,Wynn Bullock,Straight Photography,Modernist Photography,1920,1950,Straight Photography,Modernist Photography
Imogen Cunningham,Ruth Bernhard,Straight Photography,Modernist Photography,1930,1940,Group f/64,Modernist Photography
Ansel Adams,Brett Weston,Straight Photography,Straight Photography,1930,1940,Straight Photography,Straight Photography
Dorothea Lange,Mary Ellen Mark,Documentary Photography,Documentary Photography,1936,1975,FSA/Documentary,Documentary Photography
Walker Evans,Lee Friedlander,Documentary Photography,Street Photography,1935,1965,FSA/Documentary,Street Photography
Walker Evans,Garry Winogrand,Documentary Photography,Street Photography,1935,1965,FSA/Documentary,Street Photography
Berenice Abbott,Lee Friedlander,Documentary Photography,Street Photography,1930,1965,Documentary Photography,Street Photography
Walker Evans,Helen Levitt,Documentary Photography,Street Photography,1935,1945,FSA/Documentary,Street Photography
Henri Cartier-Bresson,Josef Koudelka,Magnum Photos,Magnum Photos,1952,1968,Magnum Photos,Magnum Photos
Henri Cartier-Bresson,Marc Riboud,Magnum Photos,Magnum Photos,1952,1955,Magnum Photos,Magnum Photos
Henri Cartier-Bresson,René Burri,Magnum Photos,Magnum Photos,1952,1959,Magnum Photos,Magnum Photos
Robert Capa,Cornell Capa,Magnum Photos,Magnum Photos,1947,1955,Magnum Photos,Magnum Photos
Werner Bischof,Josef Koudelka,Magnum Photos,Magnum Photos,1950,1968,Magnum Photos,Magnum Photos
W. Eugene Smith,Don McCullin,Documentary Photography,Photojournalism,1950,1965,Documentary Photography,War Photography
W. Eugene Smith,Larry Towell,Documentary Photography,Magnum Photos,1950,1990,Documentary Photography,Magnum Photos
Irving Penn,Sarah Moon,Fashion Photography,Fashion Photography,1950,1970,Fashion Photography,Fashion Photography
Irving Penn,Paolo Roversi,Fashion Photography,Fashion Photography,1950,1980,Fashion Photography,Fashion Photography
Richard Avedon,Annie Leibovitz,Fashion Photography,Portrait Photography,1955,1975,Fashion Photography,Portrait Photography
Richard Avedon,Peter Lindbergh,Fashion Photography,Fashion Photography,1955,1985,Fashion Photography,Fashion Photography
Richard Avedon,Herb Ritts,Fashion Photography,Fashion Photography,1955,1985,Fashion Photography,Fashion Photography
Cecil Beaton,Norman Parkinson,Fashion Photography,Fashion Photography,1930,1950,Fashion Photography,Fashion Photography
Norman Parkinson,David Bailey,Fashion Photography,Fashion Photography,1950,1960,Fashion Photography,Fashion Photography
Norman Parkinson,Terence Donovan,Fashion Photography,Fashion Photography,1950,1960,Fashion Photography,Fashion Photography
Norman Parkinson,Brian Duffy,Fashion Photography,Fashion Photography,1950,1960,Fashion Photography,Fashion Photography
Brassaï,Daido Moriyama,Street Photography,Provoke Movement,1933,1970,Street Photography,Provoke Movement
William Klein,Antoine d’Agata,Street Photography,Magnum Photos,1956,2000,Street Photography,Magnum Photos
Robert Frank,Antoine d’Agata,Street Photography,Magnum Photos,1958,2000,Documentary/Street,Magnum Photos
Garry Winogrand,Joel Sternfeld,Street Photography,Color Photography,1965,1978,Street Photography,Color Photography
Lee Friedlander,Joel Sternfeld,Street Photography,Color Photography,1965,1978,Street Photography,Color Photography
William Eggleston,Alec Soth,Color Photography,Contemporary Documentary,1970,2004,Color Photography,Contemporary Documentary
Stephen Shore,Alec Soth,Color Photography,Contemporary Documentary,1972,2004,Color Photography,Contemporary Documentary
Joel Sternfeld,Alec Soth,Color Photography,Contemporary Documentary,1978,2004,Color Photography,Contemporary Documentary
Bernd Becher,Elger Esser,New Topographics,Düsseldorf School,1975,1995,New Topographics,Düsseldorf School
Bernd Becher,Jörg Sasse,New Topographics,Düsseldorf School,1975,1990,New Topographics,Düsseldorf School
Thomas Ruff,Viviane Sassen,Düsseldorf School,Fashion Photography,1990,2005,Düsseldorf School,Fashion Photography
Jeff Wall,Thomas Demand,Conceptual Photography,Conceptual Photography,1985,1995,Conceptual Photography,Conceptual Photography
Jeff Wall,Philip-Lorca diCorcia,Conceptual Photography,Conceptual Photography,1985,1990,Conceptual Photography,Conceptual Photography
Jeff Wall,Gregory Crewdson,Conceptual Photography,Conceptual Photography,1985,1995,Conceptual Photography,Conceptual Photography
Cindy Sherman,Viviane Sassen,Conceptual Photography,Fashion Photography,1985,2005,Conceptual Photography,Fashion Photography
Nan Goldin,Alec Soth,Contemporary Documentary,Contemporary Documentary,1986,2004,Contemporary Documentary,Contemporary Documentary
Nan Goldin,Wolfgang Tillmans,Contemporary Documentary,Contemporary Art,1986,2000,Contemporary Documentary,Contemporary Art
Rineke Dijkstra,Alec Soth,Contemporary Portrait,Contemporary Documentary,1994,2004,Contemporary Portrait,Contemporary Documentary
Hiroshi Sugimoto,Thomas Demand,Contemporary Japanese,Conceptual Photography,1980,1995,Contemporary Japanese,Conceptual Photography
Daido Moriyama,Takashi Homma,Provoke Movement,Contemporary Japanese,1970,1995,Provoke Movement,Japanese Contemporary
Shomei Tomatsu,Rinko Kawauchi,Japanese Photography,Contemporary Japanese,1960,2000,Japanese Photography,Contemporary Japanese
Nobuyoshi Araki,Rinko Kawauchi,Contemporary Japanese,Contemporary Japanese,1980,2000,Contemporary Japanese,Contemporary Japanese
Rinko Kawauchi,Mao Ishikawa,Contemporary Japanese,Contemporary Japanese,2000,2010,Contemporary Japanese,Contemporary Japanese
Josef Sudek,Josef Koudelka,Documentary Photography,Magnum Photos,1950,1968,Poetic Documentary,Magnum Photos
August Sander,Bernd Becher,Documentary Photography,New Topographics,1920,1975,Documentary Photography,New Topographics
August Sander,Diane Arbus,Documentary Photography,Portrait Photography,1920,1965,Documentary Photography,Documentary Portrait
Walker Evans,Diane Arbus,Documentary Photography,Portrait Photography,1935,1965,FSA/Documentary,Documentary Portrait
Diane Arbus,Larry Clark,Portrait Photography,Contemporary Documentary,1965,1971,Documentary Portrait,Contemporary Documentary
Larry Clark,Ryan McGinley,Contemporary Documentary,Contemporary/Digital,1971,2005,Contemporary Documentary,Contemporary/Digital
Helen Levitt,Joel Meyerowitz,Street Photography,Magnum Photos,1945,1965,Street Photography,Magnum Photos
Helen Levitt,Alex Webb,Street Photography,Magnum Photos,1945,1979,Street Photography,Magnum Photos
Saul Leiter,Todd Hido,Street Photography,Contemporary Landscape,1950,1990,Street Photography,Contemporary Landscape
Minor White,Emmet Gowin,Photography Education,Contemporary Landscape,1955,1970,Photography Education,Contemporary Landscape
Harry Callahan,Emmet Gowin,Straight Photography,Contemporary Landscape,1955,1970,Straight Photography,Contemporary Landscape
Lewis Baltz,Andreas Gursky,New Topographics,Düsseldorf School,1975,1990,New Topographics,Düsseldorf School
Robert Adams,Alec Soth,New Topographics,Contemporary Documentary,1975,2004,New Topographics,Contemporary Documentary
Thomas Struth,Andreas Gursky,Düsseldorf School,Düsseldorf School,1990,1990,Düsseldorf School,Düsseldorf School
Thomas Ruff,Andreas Gursky,Düsseldorf School,Düsseldorf School,1990,1990,Düsseldorf School,Düsseldorf School
Andreas Gursky,Mishka Henner,Düsseldorf School,Post-Internet Photography,1990,2010,Düsseldorf School,Post-Internet Photography
Thomas Demand,Mishka Henner,Conceptual Photography,Post-Internet Photography,1995,2010,Conceptual Photography,Post-Internet Photography
Bernd Becher,Thomas Demand,New Topographics,Conceptual Photography,1975,1995,New Topographics,Conceptual Photography
Sophie Calle,Taryn Simon,Conceptual Photography,Conceptual Photography,1980,2007,Conceptual Photography,Conceptual Photography
Jeff Wall,Taryn Simon,Conceptual Photography,Conceptual Photography,1985,2007,Conceptual Photography,Conceptual Photography
Bernd and Hilla Becher,Andreas Gursky,Düsseldorf School,Düsseldorf School,1980,1990,Düsseldorf School,Düsseldorf School
Bernd and Hilla Becher,Thomas Struth,Düsseldorf School,Düsseldorf School,1980,1990,Düsseldorf School,Düsseldorf School
Bernd and Hilla Becher,Thomas Ruff,Düsseldorf School,Düsseldorf School,1980,1990,Düsseldorf School,Düsseldorf School
Bernd and Hilla Becher,Candida Höfer,Düsseldorf School,Düsseldorf School,1980,1990,Düsseldorf School,Düsseldorf School
Bernd and Hilla Becher,Axel Hütte,Düsseldorf School,Düsseldorf School,1980,1990,Düsseldorf School,Düsseldorf School
Martin Parr,Alex Webb,Magnum Photos,Magnum Photos,1990,1995,Magnum Photos,Magnum Photos
Martin Parr,Alec Soth,Magnum Photos,Contemporary Documentary,1990,2004,Magnum Photos,Contemporary Documentary
Susan Meiselas,Alec Soth,Magnum Photos,Contemporary Documentary,1980,2004,Magnum Photos,Contemporary Documentary
Josef Koudelka,Paolo Pellegrin,Magnum Photos,Magnum Photos,1970,2001,Magnum Photos,Magnum Photos
Josef Koudelka,Antoine d’Agata,Magnum Photos,Magnum Photos,1970,2000,Magnum Photos,Magnum Photos
Don McCullin,James Nachtwey,Photojournalism,Photojournalism,1965,1984,War Photography,War Photography
Sebastião Salgado,Paolo Pellegrin,Documentary Photography,Magnum Photos,1980,2001,Documentary Photography,Magnum Photos
Mary Ellen Mark,Alec Soth,Documentary Photography,Contemporary Documentary,1980,2004,Documentary Photography,Contemporary Documentary
Vivian Maier,Matt Stuart,Street Photography,Street Photography,1955,2010,Street Photography,Street Photography
Bruce Gilden,Matt Stuart,Street Photography,Street Photography,1980,2010,Street Photography,Street Photography
Garry Winogrand,Matt Stuart,Street Photography,Street Photography,1965,2010,Street Photography,Street Photography
Robert Frank,Alec Soth,Street Photography,Contemporary Documentary,1958,2004,Documentary/Street,Contemporary Documentary
Walker Evans,Alec Soth,Documentary Photography,Contemporary Documentary,1935,2004,FSA/Documentary,Contemporary Documentary
Duane Michals,Gregory Crewdson,Conceptual Photography,Conceptual Photography,1970,1995,Conceptual Photography,Conceptual Photography
Sandy Skoglund,Gregory Crewdson,Conceptual Photography,Conceptual Photography,1980,1995,Conceptual Photography,Conceptual Photography
Cindy Sherman,Taryn Simon,Conceptual Photography,Conceptual Photography,1985,2007,Conceptual Photography,Conceptual Photography
Wolfgang Tillmans,Viviane Sassen,Contemporary Art,Fashion Photography,2000,2005,Contemporary Art,Fashion Photography
Herb Ritts,Mario Sorrenti,Fashion Photography,Fashion Photography,1985,1995,Fashion Photography,Fashion Photography
Peter Lindbergh,Mario Sorrenti,Fashion Photography,Fashion Photography,1985,1995,Fashion Photography,Fashion Photography
Paolo Roversi,Viviane Sassen,Fashion Photography,Fashion Photography,1985,2005,Fashion Photography,Fashion Photography
Nick Knight,Viviane Sassen,Fashion Photography,Fashion Photography,1990,2005,Fashion Photography,Fashion Photography
Rinko Kawauchi,Masao Yamamoto,Contemporary Japanese,Contemporary Japanese,2000,2005,Contemporary Japanese,Contemporary Japanese
Hiroshi Sugimoto,Rinko Kawauchi,Contemporary Japanese,Contemporary Japanese,1980,2000,Contemporary Japanese,Contemporary Japanese
Daido Moriyama,Takuma Nakahira,Provoke Movement,Provoke Movement,1970,1970,Provoke Movement,Provoke Movement
Takuma Nakahira,Takashi Homma,Provoke Movement,Contemporary Japanese,1970,1995,Provoke Movement,Japanese Contemporary
Eikoh Hosoe,Rinko Kawauchi,Japanese Photography,Contemporary Japanese,1960,2000,Japanese Photography,Contemporary Japanese
Shomei Tomatsu,Takashi Homma,Japanese Photography,Contemporary Japanese,1960,1995,Japanese Photography,Japanese Contemporary
Man Ray,Diane Arbus,Surrealism/Dada,Portrait Photography,1930,1965,Surrealism/Dadaism,Documentary Portrait
August Sander,Thomas Ruff,Documentary Photography,Düsseldorf School,1920,1990,Documentary Photography,Düsseldorf School
August Sander,Rineke Dijkstra,Documentary Photography,Contemporary Portrait,1920,1994,Documentary Photography,Contemporary Portrait
Diane Arbus,Rineke Dijkstra,Portrait Photography,Contemporary Portrait,1965,1994,Documentary Portrait,Contemporary Portrait
Walker Evans,Stephen Shore,Documentary Photography,Color Photography,1935,1972,FSA/Documentary,Color Photography
William Christenberry,Alec Soth,Color Photography,Contemporary Documentary,1970,2004,Color Photography,Contemporary Documentary
Joan Fontcuberta,Mishka Henner,Postmodern Photography,Post-Internet Photography,1980,2010,Postmodern Photography,Post-Internet Photography
Thomas Ruff,Mishka Henner,Düsseldorf School,Post-Internet Photography,1990,2010,Düsseldorf School,Post-Internet Photography
Frederick Scott Archer,Gustave Le Gray,Pioneers,Pioneers,1851,1856,Pioneers,Pioneers
Gustave Le Gray,Roger Fenton,Pioneers,Pioneers,1856,1855,Pioneers,Pioneers
Roger Fenton,Carleton Watkins,Pioneers,Landscape Photography,1855,1860,Pioneers,Landscape Photography
Carleton Watkins,Timothy O’Sullivan,Landscape Photography,Landscape Photography,1860,1867,Landscape Photography,Landscape Photography
Timothy O’Sullivan,Eadweard Muybridge,Landscape Photography,Pioneers,1867,1878,Landscape Photography,Proto-Modernism
Eadweard Muybridge,Étienne-Jules Marey,Pioneers,Pioneers,1878,1882,Proto-Modernism,Proto-Modernism
Étienne-Jules Marey,Alvin Langdon Coburn,Pioneers,Pictorialism,1882,1904,Proto-Modernism,Pictorialism
Alvin Langdon Coburn,Adolphe de Meyer,Pictorialism,Fashion Photography,1904,1913,Pictorialism,Fashion Photography
Adolphe de Meyer,Baron de Meyer,Fashion Photography,Fashion Photography,1913,1913,Fashion Photography,Fashion Photography
Baron de Meyer,Anton Giulio Bragaglia,Fashion Photography,Futurism,1913,1911,Fashion Photography,Futurism
Anton Giulio Bragaglia,Lotte Jacobi,Futurism,Portrait Photography,1911,1927,Futurism,Portrait Photography
Lotte Jacobi,Yousuf Karsh,Portrait Photography,Portrait Photography,1927,1941,Portrait Photography,Portrait Photography
Yousuf Karsh,Philippe Halsman,Portrait Photography,Portrait Photography,1941,1942,Portrait Photography,Portrait Photography
Philippe Halsman,Erich Salomon,Portrait Photography,Photojournalism,1942,1930,Portrait Photography,Photojournalism
Erich Salomon,Roman Vishniac,Photojournalism,Documentary Photography,1930,1935,Photojournalism,Documentary Photography
Roman Vishniac,Gordon Parks,Documentary Photography,Documentary Photography,1935,1942,Documentary Photography,Documentary Photography
Gordon Parks,Margaret Bourke-White,Documentary Photography,Photojournalism,1942,1930,Documentary Photography,Photojournalism
Margaret Bourke-White,Helen Levitt,Photojournalism,Street Photography,1930,1945,Photojournalism,Street Photography
Helen Levitt,Sid Grossman,Street Photography,Street Photography,1945,1940,Street Photography,Street Photography
Sid Grossman,Bruce Davidson,Street Photography,Magnum Photos,1940,1960,Street Photography,Magnum Photos
Bruce Davidson,Elliott Erwitt,Magnum Photos,Magnum Photos,1960,1955,Magnum Photos,Magnum Photos
Elliott Erwitt,Cornell Capa,Magnum Photos,Magnum Photos,1955,1955,Magnum Photos,Magnum Photos
Cornell Capa,Rene Burri,Magnum Photos,Magnum Photos,1955,1960,Magnum Photos,Magnum Photos
Rene Burri,Leonard Freed,Magnum Photos,Magnum Photos,1960,1965,Magnum Photos,Magnum Photos
Leonard Freed,Abbas,Magnum Photos,Magnum Photos,1965,1980,Magnum Photos,Magnum Photos
Abbas,Bruno Barbey,Magnum Photos,Magnum Photos,1980,1966,Magnum Photos,Magnum Photos
Bruno Barbey,Alex Majoli,Magnum Photos,Magnum Photos,1966,2001,Magnum Photos,Magnum Photos
Alex Majoli,Raghu Rai,Magnum Photos,Documentary Photography,2001,1970,Magnum Photos,Documentary Photography
Raghu Rai,Graciela Iturbide,Documentary Photography,Documentary Photography,1970,1979,Documentary Photography,Documentary Photography
Graciela Iturbide,Manuel Alvarez Bravo,Documentary Photography,Modernist Photography,1979,1930,Documentary Photography,Modernist Photography
Manuel Alvarez Bravo,Tina Modotti,Modernist Photography,Modernist Photography,1930,1927,Modernist Photography,Modernist Photography
Tina Modotti,Sergio Larrain,Modernist Photography,Magnum Photos,1927,1960,Modernist Photography,Magnum Photos
Sergio Larrain,Willy Ronis,Magnum Photos,Street Photography,1960,1950,Magnum Photos,Street Photography
Willy Ronis,Edouard Boubat,Street Photography,Documentary Photography,1950,1950,Street Photography,Humanist Photography
Edouard Boubat,Ragubir Singh,Documentary Photography,Color Photography,1950,1980,Humanist Photography,Color Photography
Ragubir Singh,O. Winston Link,Color Photography,Documentary Photography,1980,1955,Color Photography,Documentary Photography
O. Winston Link,Arnold Newman,Documentary Photography,Portrait Photography,1955,1945,Documentary Photography,Portrait Photography
Arnold Newman,Duane Michals,Portrait Photography,Conceptual Photography,1945,1970,Portrait Photography,Conceptual Photography
Duane Michals,Ralph Gibson,Conceptual Photography,Fine Art Photography,1970,1970,Conceptual Photography,Fine Art Photography
Ralph Gibson,Jan Saudek,Fine Art Photography,Staged Photography,1970,1975,Fine Art Photography,Staged Photography
Jan Saudek,Joel-Peter Witkin,Staged Photography,Staged Photography,1975,1980,Staged Photography,Staged Photography
Joel-Peter Witkin,Sophie Calle,Staged Photography,Conceptual Photography,1980,1980,Staged Photography,Conceptual Photography
Sophie Calle,Shirin Neshat,Conceptual Photography,Conceptual Photography,1980,1993,Conceptual Photography,Conceptual Photography
Shirin Neshat,Lorna Simpson,Conceptual Photography,Conceptual Photography,1993,1990,Conceptual Photography,Conceptual Photography
Lorna Simpson,Zanele Muholi,Conceptual Photography,Contemporary Documentary,1990,2010,Conceptual Photography,Contemporary Documentary
Zanele Muholi,LaToya Ruby Frazier,Contemporary Documentary,Contemporary Documentary,2010,2010,Contemporary Documentary,Contemporary Documentary
LaToya Ruby Frazier,Deana Lawson,Contemporary Documentary,Portrait Photography,2010,2010,Contemporary Documentary,Portrait Photography
Deana Lawson,Trevor Paglen,Portrait Photography,Post-Internet Photography,2010,2015,Portrait Photography,Post-Internet Photography
Trevor Paglen,JR,Post-Internet Photography,Contemporary Public Art,2015,2010,Post-Internet Photography,Contemporary Public Art
JR,Pieter Hugo,Contemporary Public Art,Contemporary Documentary,2010,2010,Contemporary Public Art,Contemporary Documentary
Pieter Hugo,Mustafah Abdulaziz,Contemporary Documentary,Documentary Photography,2010,2015,Contemporary Documentary,Documentary Photography
Mustafah Abdulaziz,Nadav Kander,Documentary Photography,Portrait Photography,2015,2010,Documentary Photography,Portrait Photography
Nadav Kander,Alec Soth,Portrait Photography,Contemporary Documentary,2010,2004,Portrait Photography,Contemporary Documentary
Alec Soth,Cristina de Middel,Contemporary Documentary,Magnum Photos,2004,2017,Contemporary Documentary,Magnum Photos
Cristina de Middel,Bieke Depoorter,Magnum Photos,Magnum Photos,2017,2012,Magnum Photos,Magnum Photos
Bieke Depoorter,Moises Saman,Magnum Photos,Magnum Photos,2012,2014,Magnum Photos,Magnum Photos
Moises Saman,Olivia Arthur,Magnum Photos,Magnum Photos,2014,2013,Magnum Photos,Magnum Photos
Olivia Arthur,Mark Power,Magnum Photos,Magnum Photos,2013,2002,Magnum Photos,Magnum Photos
Mark Power,Trent Parke,Magnum Photos,Magnum Photos,2002,2007,Magnum Photos,Magnum Photos
Trent Parke,Chris Steele-Perkins,Magnum Photos,Magnum Photos,2007,1979,Magnum Photos,Magnum Photos
